{"cameraMode":{"drawMode":0,"name":"Shaded","section":"Shading Mode"},"sceneLighting":false,"audioPlay":false,"sceneViewState":{"showFog":true,"showMaterialUpdate":true,"showSkybox":true,"showFlares":true,"showImageEffects":true,"showParticleSystems":true},"in2DMode":false,"pivot":{"x":-0.5203450322151184,"y":-0.22543945908546449,"z":-3.6795055866241457},"rotation":{"x":0.1641453355550766,"y":-0.1692470908164978,"z":0.028598779812455179,"w":0.971389889717102},"size":3.910632371902466,"orthographic":true}