{"cameraMode":{"drawMode":0,"name":"Shaded","section":"Shading Mode"},"sceneLighting":false,"audioPlay":false,"sceneViewState":{"showFog":true,"showMaterialUpdate":true,"showSkybox":true,"showFlares":true,"showImageEffects":true,"showParticleSystems":true},"in2DMode":false,"pivot":{"x":-4.956089973449707,"y":-3.2019550800323488,"z":-4.03398323059082},"rotation":{"x":0.5912628769874573,"y":-0.011853689327836037,"z":0.008693918585777283,"w":0.80635005235672},"size":7.422305583953857,"orthographic":true}